{"prompt": "Explain quantum computing in simple terms.", "generated_text": " Quantum computing is a type of computing that uses the principles of quantum mechanics to process information. Unlike classical computers, which use bits as their smallest unit of data (either 0 or 1), quantum computers use quantum bits, or qubits. Q", "tokens": [" Quantum", " computing", " is", " a", " type", " of", " computing", " that", " uses", " the", " principles", " of", " quantum", " mechanics", " to", " process", " information", ".", " Unlike", " classical", " computers", ",", " which", " use", " bits", " as", " their", " smallest", " unit", " of", " data", " (", "either", " ", "0", " or", " ", "1", "),", " quantum", " computers", " use", " quantum", " bits", ",", " or", " q", "ubits", ".", " Q"], "token_ids": [55313, 24231, 374, 264, 943, 315, 24231, 429, 5711, 279, 16170, 315, 30128, 29026, 311, 1882, 1995, 13, 26048, 28824, 18495, 11, 892, 990, 9472, 438, 862, 24632, 4982, 315, 821, 320, 49898, 220, 15, 476, 220, 16, 701, 30128, 18495, 990, 30128, 9472, 11, 476, 2804, 81402, 13, 1207], "logprobs": [-1.0703125, -0.00787353515625, -0.2470703125, -0.08984375, -0.1513671875, 0.0, -0.1337890625, -0.00787353515625, -0.03173828125, -0.0439453125, -0.023681640625, 0.0, -0.052001953125, -0.00787353515625, -0.341796875, -0.283203125, -0.1611328125, -0.482421875, -0.482421875, -0.0439453125, 0.0, -0.0157470703125, 0.0, 0.0, 0.0, -0.060302734375, -0.023681640625, -0.1025390625, 0.0, 0.0, 0.0, -0.0157470703125, -0.6640625, -0.00787353515625, 0.0, -0.00787353515625, 0.0, 0.0, 0.0, 0.0, 0.0, 0.0, -0.052001953125, 0.0, -0.023681640625, 0.0, -0.3359375, 0.0, -0.3984375, -0.267578125], "generation_time": 25.778415203094482, "num_tokens": 50}