{"prompt": "Write a Python function to reverse a string.", "generated_text": " The function should take a string as input and return the reversed string. For example, if the input is \"hello\", the output should be \"olleh\".\nSure! Here's a simple Python function that reverses a string:\n\n```python\ndef", "tokens": [" The", " function", " should", " take", " a", " string", " as", " input", " and", " return", " the", " reversed", " string", ".", " For", " example", ",", " if", " the", " input", " is", " \"", "hello", "\",", " the", " output", " should", " be", " \"", "olle", "h", "\".\n", "Sure", "!", " Here", "'s", " a", " simple", " Python", " function", " that", " revers", "es", " a", " string", ":\n\n", "```", "python", "\n", "def"], "token_ids": [576, 729, 1265, 1896, 264, 914, 438, 1946, 323, 470, 279, 27437, 914, 13, 1752, 3110, 11, 421, 279, 1946, 374, 330, 14990, 497, 279, 2550, 1265, 387, 330, 54048, 71, 22956, 39814, 0, 5692, 594, 264, 4285, 13027, 729, 429, 17431, 288, 264, 914, 1447, 73594, 12669, 198, 750], "logprobs": [-0.59765625, -0.169921875, -0.00787353515625, -0.023681640625, -0.26171875, -0.251953125, -0.1025390625, -0.0157470703125, -0.00787353515625, 0.0, -0.00787353515625, 0.0, -0.4765625, -0.6171875, -0.546875, -0.00787353515625, 0.0, -0.1025390625, 0.0, 0.0, 0.0, -0.1796875, -0.039794921875, -0.0157470703125, 0.0, -0.1650390625, 0.0, 0.0, 0.0, 0.0, 0.0, -0.83203125, -0.546875, -0.0157470703125, -0.00787353515625, -0.00787353515625, 0.0, -0.2216796875, 0.0, 0.0, -0.392578125, -0.1337890625, 0.0, 0.0, -0.0439453125, -0.416015625, -0.00787353515625, 0.0, 0.0, 0.0], "generation_time": 24.881950855255127, "num_tokens": 50}