{"prompt": "How does the internet work?", "generated_text": " The internet is a global network of interconnected computers and servers that communicate with each other using standardized protocols. Here's a simplified explanation of how it works:\n\n1. **Data Packets**: When you send data over the internet (like sending an email or", "tokens": [" The", " internet", " is", " a", " global", " network", " of", " interconnected", " computers", " and", " servers", " that", " communicate", " with", " each", " other", " using", " standardized", " protocols", ".", " Here", "'s", " a", " simplified", " explanation", " of", " how", " it", " works", ":\n\n", "1", ".", " **", "Data", " Pack", "ets", "**:", " When", " you", " send", " data", " over", " the", " internet", " (", "like", " sending", " an", " email", " or"], "token_ids": [576, 7602, 374, 264, 3644, 3922, 315, 82316, 18495, 323, 16293, 429, 19032, 448, 1817, 1008, 1667, 50014, 31785, 13, 5692, 594, 264, 43799, 16148, 315, 1246, 432, 4278, 1447, 16, 13, 3070, 1043, 13795, 1415, 95518, 3197, 498, 3624, 821, 916, 279, 7602, 320, 4803, 11628, 458, 2551, 476], "logprobs": [-1.3203125, -0.1650390625, -0.3515625, -0.0986328125, -0.4453125, -0.267578125, -0.08984375, -0.462890625, -0.1474609375, -0.08984375, -0.2421875, -0.0771484375, -0.18359375, -0.111328125, -0.0439453125, 0.0, -0.0771484375, -0.03173828125, -0.251953125, -0.5625, -0.193359375, -0.0771484375, -0.023681640625, -0.0439453125, -0.380859375, 0.0, 0.0, -0.0771484375, -0.0157470703125, -0.052001953125, -0.392578125, 0.0, -0.0157470703125, -0.59765625, -0.9609375, 0.0, -0.12451171875, -0.00787353515625, -0.00787353515625, -0.08154296875, -0.3515625, -0.287109375, 0.0, 0.0, -0.58203125, -0.609375, -0.8046875, 0.0, 0.0, -0.00787353515625], "generation_time": 25.968552112579346, "num_tokens": 50}