{"prompt": "How does a neural network work?", "generated_text": " Can you explain it in simple terms? Also, what is the role of the activation function, and how do neural networks learn from data? Could you explain the concept of layers and the significance of the bias in a neuron? How do neural networks handle", "tokens": [" Can", " you", " explain", " it", " in", " simple", " terms", "?", " Also", ",", " what", " is", " the", " role", " of", " the", " activation", " function", ",", " and", " how", " do", " neural", " networks", " learn", " from", " data", "?", " Could", " you", " explain", " the", " concept", " of", " layers", " and", " the", " significance", " of", " the", " bias", " in", " a", " neuron", "?", " How", " do", " neural", " networks", " handle"], "token_ids": [2980, 498, 10339, 432, 304, 4285, 3793, 30, 7281, 11, 1128, 374, 279, 3476, 315, 279, 15099, 729, 11, 323, 1246, 653, 29728, 14155, 3960, 504, 821, 30, 16503, 498, 10339, 279, 7286, 315, 13617, 323, 279, 25361, 315, 279, 15470, 304, 264, 48284, 30, 2585, 653, 29728, 14155, 3705], "logprobs": [-1.703125, -0.0771484375, -0.2177734375, -0.84375, -0.85546875, -0.59765625, -0.0157470703125, -1.625, -0.5, 0.0, -0.75390625, -0.70703125, -0.302734375, -1.0625, 0.0, -0.462890625, -1.234375, 0.0, -0.421875, -0.2373046875, -0.58984375, -0.59765625, -1.0546875, 0.0, -0.1796875, -0.546875, -0.0771484375, -0.00787353515625, -0.0986328125, 0.0, -0.404296875, -0.427734375, -1.0546875, -0.0157470703125, -0.49609375, -0.640625, -0.9765625, -0.87890625, 0.0, -0.375, -1.046875, -0.70703125, -0.0157470703125, -0.4765625, 0.0, -0.8046875, -0.6484375, -0.3984375, 0.0, -0.08154296875], "generation_time": 23.8332941532135, "num_tokens": 50}