{"prompt": "What is machine learning?", "generated_text": " What are the types of machine learning? What is the difference between machine learning and deep learning? What are some common applications of machine learning? What is the role of data in machine learning? What are some challenges in machine learning? What is the future", "tokens": [" What", " are", " the", " types", " of", " machine", " learning", "?", " What", " is", " the", " difference", " between", " machine", " learning", " and", " deep", " learning", "?", " What", " are", " some", " common", " applications", " of", " machine", " learning", "?", " What", " is", " the", " role", " of", " data", " in", " machine", " learning", "?", " What", " are", " some", " challenges", " in", " machine", " learning", "?", " What", " is", " the", " future"], "token_ids": [3555, 525, 279, 4494, 315, 5662, 6832, 30, 3555, 374, 279, 6672, 1948, 5662, 6832, 323, 5538, 6832, 30, 3555, 525, 1045, 4185, 8357, 315, 5662, 6832, 30, 3555, 374, 279, 3476, 315, 821, 304, 5662, 6832, 30, 3555, 525, 1045, 11513, 304, 5662, 6832, 30, 3555, 374, 279, 3853], "logprobs": [-1.65625, -0.71875, -0.6328125, -1.015625, -0.052001953125, -0.1513671875, 0.0, -0.5703125, -1.28125, -0.73828125, -0.74609375, -0.302734375, 0.0, -0.9609375, 0.0, -0.00787353515625, -0.59765625, 0.0, -0.08984375, -0.380859375, -0.60546875, -0.60546875, -1.09375, -0.71875, -0.052001953125, -0.039794921875, 0.0, -0.08984375, -0.43359375, -0.52734375, -0.609375, -1.3359375, 0.0, -0.251953125, -0.0157470703125, 0.0, 0.0, -0.0157470703125, -0.212890625, -0.58203125, -0.12451171875, -0.404296875, -0.00787353515625, -0.0157470703125, 0.0, -0.0157470703125, -0.1796875, -0.06884765625, -0.439453125, -0.2216796875], "generation_time": 24.299962759017944, "num_tokens": 50}