{"prompt": "Describe the process of photosynthesis.", "generated_text": " Photosynthesis is the process by which green plants, algae, and some bacteria convert light energy, usually from the sun, into chemical energy in the form of glucose or other sugars. The process takes place in the chloroplasts of plant cells, which", "tokens": [" Photos", "ynthesis", " is", " the", " process", " by", " which", " green", " plants", ",", " algae", ",", " and", " some", " bacteria", " convert", " light", " energy", ",", " usually", " from", " the", " sun", ",", " into", " chemical", " energy", " in", " the", " form", " of", " glucose", " or", " other", " sugars", ".", " The", " process", " takes", " place", " in", " the", " chlor", "oplast", "s", " of", " plant", " cells", ",", " which"], "token_ids": [16505, 73667, 374, 279, 1882, 553, 892, 6176, 10779, 11, 67851, 11, 323, 1045, 23157, 5508, 3100, 4802, 11, 5990, 504, 279, 7015, 11, 1119, 11483, 4802, 304, 279, 1352, 315, 33223, 476, 1008, 69813, 13, 576, 1882, 4990, 1992, 304, 279, 36733, 91235, 82, 315, 6008, 7761, 11, 892], "logprobs": [-0.59765625, 0.0, -0.00787353515625, -0.111328125, -0.023681640625, -0.039794921875, 0.0, -0.357421875, 0.0, -0.3515625, 0.0, -0.023681640625, 0.0, -0.0439453125, -0.00787353515625, -0.0439453125, -0.00787353515625, 0.0, -0.2373046875, -0.0439453125, 0.0, 0.0, 0.0, 0.0, 0.0, 0.0, 0.0, -0.06884765625, 0.0, 0.0, 0.0, 0.0, -0.5078125, 0.0, 0.0, -0.023681640625, -0.84375, -0.2470703125, -0.7265625, 0.0, -0.11572265625, -0.052001953125, 0.0, 0.0, 0.0, -0.1650390625, -0.023681640625, 0.0, -0.0771484375, -0.625], "generation_time": 23.770883083343506, "num_tokens": 50}