{"prompt": "What causes earthquakes?", "generated_text": "  \n\n\nEarthquakes are caused by the sudden release of energy in the Earth's crust, typically due to the movement of tectonic plates. This movement can occur along faults, where stress builds up over time and is eventually released as seismic waves.", "tokens": ["  \n\n\n", "Earth", "qu", "akes", " are", " caused", " by", " the", " sudden", " release", " of", " energy", " in", " the", " Earth", "'s", " crust", ",", " typically", " due", " to", " the", " movement", " of", " t", "ect", "onic", " plates", ".", " This", " movement", " can", " occur", " along", " faults", ",", " where", " stress", " builds", " up", " over", " time", " and", " is", " eventually", " released", " as", " seismic", " waves", "."], "token_ids": [79226, 43824, 446, 2050, 525, 8881, 553, 279, 10968, 4879, 315, 4802, 304, 279, 9237, 594, 39612, 11, 11136, 4152, 311, 279, 7203, 315, 259, 439, 14011, 24477, 13, 1096, 7203, 646, 12170, 3156, 56690, 11, 1380, 8464, 22111, 705, 916, 882, 323, 374, 9583, 5880, 438, 71479, 16876, 13], "logprobs": [-1.78125, -0.00787353515625, 0.0, 0.0, -0.1376953125, -0.2177734375, -0.00787353515625, -0.169921875, -0.251953125, -0.12451171875, 0.0, -0.2373046875, -0.283203125, -0.0157470703125, 0.0, -0.03173828125, -0.0439453125, -0.1025390625, -0.32421875, -0.039794921875, 0.0, -0.462890625, 0.0, -0.023681640625, 0.0, 0.0, 0.0, 0.0, -0.11572265625, -0.76953125, -0.341796875, -0.890625, -0.3515625, -0.1650390625, -0.26171875, -0.060302734375, -0.76953125, -0.2177734375, -0.0439453125, 0.0, -0.06884765625, 0.0, -0.0771484375, -0.0771484375, -0.65625, 0.0, -0.0771484375, -0.00787353515625, 0.0, -0.03173828125], "generation_time": 23.16972517967224, "num_tokens": 50}