{"prompt": "What is the difference between AI and ML?", "generated_text": " Also, could you explain what supervised and unsupervised learning are, and how they differ? Additionally, what is the purpose of the cost function in linear regression, and how does gradient descent work? Could you also explain the difference between batch gradient descent", "tokens": [" Also", ",", " could", " you", " explain", " what", " supervised", " and", " uns", "up", "ervised", " learning", " are", ",", " and", " how", " they", " differ", "?", " Additionally", ",", " what", " is", " the", " purpose", " of", " the", " cost", " function", " in", " linear", " regression", ",", " and", " how", " does", " gradient", " descent", " work", "?", " Could", " you", " also", " explain", " the", " difference", " between", " batch", " gradient", " descent"], "token_ids": [7281, 11, 1410, 498, 10339, 1128, 58989, 323, 6975, 454, 77990, 6832, 525, 11, 323, 1246, 807, 1745, 30, 22406, 11, 1128, 374, 279, 7428, 315, 279, 2783, 729, 304, 13482, 30549, 11, 323, 1246, 1558, 20169, 36952, 975, 30, 16503, 498, 1083, 10339, 279, 6672, 1948, 7162, 20169, 36952], "logprobs": [-1.921875, -0.0439453125, -0.6171875, 0.0, -0.1376953125, -0.87890625, -2.015625, -0.515625, 0.0, 0.0, 0.0, -0.039794921875, -0.00787353515625, -0.2177734375, -0.251953125, -0.984375, -0.1796875, -0.06884765625, -0.314453125, -0.32421875, 0.0, -0.90625, -0.48828125, -1.4296875, -1.1328125, 0.0, -1.5703125, -1.1015625, 0.0, -0.08984375, -0.9765625, 0.0, -0.0157470703125, -0.0157470703125, -0.1025390625, -0.314453125, -0.3984375, 0.0, -0.00787353515625, -0.74609375, -0.90625, 0.0, -0.2470703125, -0.88671875, -0.5703125, -0.81640625, 0.0, -1.6171875, -0.439453125, 0.0], "generation_time": 26.060604333877563, "num_tokens": 50}