{"prompt": "How do computers store data?", "generated_text": " What is the difference between RAM and ROM? What is the role of the CPU in a computer? How do hard drives work? What is the difference between a hard drive and an SSD? What is the purpose of a graphics card? How do networks", "tokens": [" What", " is", " the", " difference", " between", " RAM", " and", " ROM", "?", " What", " is", " the", " role", " of", " the", " CPU", " in", " a", " computer", "?", " How", " do", " hard", " drives", " work", "?", " What", " is", " the", " difference", " between", " a", " hard", " drive", " and", " an", " SSD", "?", " What", " is", " the", " purpose", " of", " a", " graphics", " card", "?", " How", " do", " networks"], "token_ids": [3555, 374, 279, 6672, 1948, 22038, 323, 30686, 30, 3555, 374, 279, 3476, 315, 279, 13940, 304, 264, 6366, 30, 2585, 653, 2588, 20118, 975, 30, 3555, 374, 279, 6672, 1948, 264, 2588, 6541, 323, 458, 36362, 30, 3555, 374, 279, 7428, 315, 264, 14181, 3701, 30, 2585, 653, 14155], "logprobs": [-1.90625, -0.5703125, -0.796875, -1.0234375, 0.0, -1.5, -0.00787353515625, -0.65625, -0.169921875, -0.734375, -0.51953125, -0.71875, -1.28125, 0.0, -0.5078125, -0.36328125, -0.08154296875, -0.0439453125, 0.0, -0.53515625, -0.287109375, -0.5, -1.1953125, -0.1376953125, -0.67578125, -0.0157470703125, -0.00787353515625, -0.08154296875, -0.267578125, -0.4453125, 0.0, -0.7734375, -0.515625, -0.06884765625, 0.0, -0.1650390625, 0.0, -0.06884765625, -0.404296875, -0.12451171875, -0.78125, -0.416015625, 0.0, -1.09375, -0.73828125, -0.0157470703125, -0.0771484375, -0.11572265625, -0.640625, -0.95703125], "generation_time": 22.823302030563354, "num_tokens": 50}