{"prompt": "Explain the concept of infinity.", "generated_text": " Infinity is a concept that represents something without any limit or bound. It is often used in mathematics, physics, and philosophy to describe something that is unbounded, endless, or larger than any real or natural number. Here's a breakdown of the concept", "tokens": [" Infinity", " is", " a", " concept", " that", " represents", " something", " without", " any", " limit", " or", " bound", ".", " It", " is", " often", " used", " in", " mathematics", ",", " physics", ",", " and", " philosophy", " to", " describe", " something", " that", " is", " un", "bounded", ",", " endless", ",", " or", " larger", " than", " any", " real", " or", " natural", " number", ".", " Here", "'s", " a", " breakdown", " of", " the", " concept"], "token_ids": [39889, 374, 264, 7286, 429, 10868, 2494, 2041, 894, 3930, 476, 6822, 13, 1084, 374, 3545, 1483, 304, 37596, 11, 21321, 11, 323, 19128, 311, 7512, 2494, 429, 374, 650, 65686, 11, 25678, 11, 476, 8131, 1091, 894, 1931, 476, 5810, 1372, 13, 5692, 594, 264, 29985, 315, 279, 7286], "logprobs": [-1.6171875, -0.12451171875, -0.1376953125, -0.1513671875, -0.69140625, -1.015625, -0.023681640625, -0.2470703125, -0.48828125, -0.12451171875, -0.375, -0.052001953125, -0.462890625, -0.330078125, -0.251953125, -0.36328125, -0.03173828125, -0.039794921875, -0.0157470703125, -0.08984375, -0.32421875, 0.0, -0.06884765625, -0.08154296875, -0.0157470703125, 0.0, -0.6484375, -0.0157470703125, -0.1376953125, -0.039794921875, -0.1513671875, -0.111328125, -0.03173828125, -0.00787353515625, 0.0, -0.0439453125, 0.0, 0.0, -0.58203125, -0.0986328125, 0.0, 0.0, -0.1376953125, -0.85546875, -0.2373046875, -0.12451171875, -0.1337890625, 0.0, -0.283203125, -0.1982421875], "generation_time": 23.27876091003418, "num_tokens": 50}