{"prompt": "What is the water cycle?", "generated_text": "  \n\n\nThe water cycle, also known as the hydrological cycle, is the continuous movement of water on, above, and below the surface of the Earth. This cycle involves processes such as evaporation, condensation, precipitation, infiltration, runoff, and", "tokens": ["  \n\n\n", "The", " water", " cycle", ",", " also", " known", " as", " the", " hydro", "logical", " cycle", ",", " is", " the", " continuous", " movement", " of", " water", " on", ",", " above", ",", " and", " below", " the", " surface", " of", " the", " Earth", ".", " This", " cycle", " involves", " processes", " such", " as", " ev", "aporation", ",", " cond", "ensation", ",", " precipitation", ",", " infiltration", ",", " runoff", ",", " and"], "token_ids": [79226, 785, 3015, 10775, 11, 1083, 3881, 438, 279, 16643, 30256, 10775, 11, 374, 279, 19259, 7203, 315, 3015, 389, 11, 3403, 11, 323, 3685, 279, 7329, 315, 279, 9237, 13, 1096, 10775, 17601, 11364, 1741, 438, 3637, 95549, 11, 9756, 41625, 11, 59950, 11, 97735, 11, 78052, 11, 323], "logprobs": [-1.4375, 0.0, 0.0, 0.0, -0.2373046875, -0.0157470703125, -0.06884765625, 0.0, -0.00787353515625, 0.0, -0.06884765625, 0.0, 0.0, -0.30859375, -0.00787353515625, -0.11572265625, -0.57421875, -0.251953125, 0.0, -0.3203125, 0.0, -0.039794921875, 0.0, 0.0, 0.0, 0.0, -0.203125, 0.0, 0.0, 0.0, 0.0, -0.5, -0.6484375, -0.08984375, -0.1796875, -0.43359375, 0.0, 0.0, 0.0, -0.0157470703125, -0.00787353515625, 0.0, 0.0, -0.00787353515625, 0.0, -0.203125, 0.0, -0.271484375, 0.0, 0.0], "generation_time": 23.767578840255737, "num_tokens": 50}