{"prompt": "How do airplanes fly?", "generated_text": " What is the basic principle behind flight, and what are the four forces acting on an airplane during flight? How do these forces interact, and what role does the wing play in generating lift? How does the angle of attack affect lift, and what is", "tokens": [" What", " is", " the", " basic", " principle", " behind", " flight", ",", " and", " what", " are", " the", " four", " forces", " acting", " on", " an", " airplane", " during", " flight", "?", " How", " do", " these", " forces", " interact", ",", " and", " what", " role", " does", " the", " wing", " play", " in", " generating", " lift", "?", " How", " does", " the", " angle", " of", " attack", " affect", " lift", ",", " and", " what", " is"], "token_ids": [3555, 374, 279, 6770, 17508, 4815, 10971, 11, 323, 1128, 525, 279, 3040, 8437, 15358, 389, 458, 42924, 2337, 10971, 30, 2585, 653, 1493, 8437, 16282, 11, 323, 1128, 3476, 1558, 279, 20013, 1486, 304, 23163, 11893, 30, 2585, 1558, 279, 9210, 315, 3359, 7802, 11893, 11, 323, 1128, 374], "logprobs": [-1.7578125, -1.4296875, -0.2216796875, -1.984375, -0.86328125, -0.5, -1.15625, -0.859375, -0.00787353515625, -1.0, -0.625, -0.0439453125, -0.470703125, -0.3515625, -0.65625, 0.0, -0.0157470703125, -0.00787353515625, -0.609375, 0.0, 0.0, -0.404296875, -0.470703125, -1.2890625, 0.0, -0.357421875, -0.421875, -0.212890625, -0.5546875, -0.88671875, -0.283203125, -0.375, -0.60546875, -0.99609375, -0.00787353515625, -0.023681640625, 0.0, -0.00787353515625, -0.67578125, -0.6171875, -0.212890625, -0.2373046875, 0.0, 0.0, -0.0439453125, -0.060302734375, -0.3984375, 0.0, -0.267578125, -0.671875], "generation_time": 25.2823588848114, "num_tokens": 50}