{"prompt": "Explain recursion with an example.", "generated_text": " Also, write a function to calculate the factorial of a number using recursion. Then, explain the difference between recursion and iteration, and when one might be preferred over the other. Finally, write a function to calculate the Fibonacci sequence using both recursion and iteration", "tokens": [" Also", ",", " write", " a", " function", " to", " calculate", " the", " factorial", " of", " a", " number", " using", " recursion", ".", " Then", ",", " explain", " the", " difference", " between", " recursion", " and", " iteration", ",", " and", " when", " one", " might", " be", " preferred", " over", " the", " other", ".", " Finally", ",", " write", " a", " function", " to", " calculate", " the", " Fibonacci", " sequence", " using", " both", " recursion", " and", " iteration"], "token_ids": [7281, 11, 3270, 264, 729, 311, 11047, 279, 52962, 315, 264, 1372, 1667, 50262, 13, 5005, 11, 10339, 279, 6672, 1948, 50262, 323, 19569, 11, 323, 979, 825, 2578, 387, 14890, 916, 279, 1008, 13, 17375, 11, 3270, 264, 729, 311, 11047, 279, 79683, 8500, 1667, 2176, 50262, 323, 19569], "logprobs": [-1.9765625, -0.193359375, -1.0546875, -0.27734375, -1.21875, -0.984375, -0.828125, -0.060302734375, -0.482421875, -0.0771484375, -0.03173828125, -0.08984375, -0.060302734375, -0.0157470703125, -0.828125, -2.0, -0.0439453125, -0.96484375, -0.640625, -1.3828125, 0.0, -0.29296875, 0.0, -0.0157470703125, -0.90625, -0.0771484375, -1.359375, -1.1953125, -0.392578125, -0.023681640625, -0.1650390625, 0.0, 0.0, 0.0, -0.111328125, -0.79296875, 0.0, -1.78125, -0.4765625, -0.2421875, -0.1474609375, -0.640625, -0.0439453125, -0.87109375, -0.0157470703125, -0.1982421875, -0.34765625, -0.08154296875, 0.0, 0.0], "generation_time": 25.025346040725708, "num_tokens": 50}